6592921593,筱羽201403 男/其他
6614428992,用户6614428992 男/其他
6583295839,用户6583295839 女/河南
6585555174,景色走一曲 女/江西
6332572879,hola8999 男/其他
6612171062,用户6612171062 男/其他
6614346425,某坨__ 男/其他
6612054147,Onlyyou30065 男/其他
5815694099,JEFFWU77 男/上海
6614977385,帝皇20609 男/其他
6614973580,开心每一天37781 男/其他
6614488495,用户6614488495 男/其他
6614484715,mikes20999 女/江苏
6614484715,mikes20999 女/江苏
6614970291,用户6614970291 男/其他
6114830474,用户6114830474
6614968656,花开富贵_200609 男/其他
6599554774,bulkmilk 男/广东
6607734201,浅味雨 女/湖南
5677111104,昵称是我5677111104 男/其他
6614960093,BY26190 男/其他
6575630572,哭毛毛虫 男/其他
6478153276,用户6478153276 男/其他
5874773091,用户5874773091 男/河南
6614469707,用户6614469707 女/其他
6614465390,用户6614465390 女/黑龙江
6613964763,很爱很爱你20110 男/福建
5819795752,张大善人75539 男/其他
2720361855,音痴呀 男/其他
6577170540,喜欢钓鱼爱笑爱生活 男/河北
6614895399,邻居200106 男/其他
6614879880,用户6614879880 女/山东
6614935243,阿宁章 女/福建
6612403851,珩橫恆恒_18330 男/其他
6614443295,用户6614443295 男/其他
6336126092,用户6336126092 男/其他
6614442155,小奶盖51995 女/其他
5604088498,用户5604088498 女/山东
6614921394,用户6614921394 男/其他
6614920379,叶秋1985 男/上海
6614920097,七离戮1987 男/其他
6614436298,徐不癫 女/其他
6614921090,符合规范合 男/四川
6614921096,满腔热情-孙满强 男/其他
5847746393,想飞的GCU 男/其他
6614436467,用户6614436467 女/河南
6614919490,用户6614919490 男/广东
6614436290,张晓伟1997 男/其他
6473687397,书赫嘛嘛 女/其他
6614920294,包容HM55026 男/其他
6614434295,用户6614434295 男/北京
6614919296,梁諫霞 女/其他
6614919091,用户6614919091 女/安徽
6614918497,小轩哥1983 男/其他
6614919399,罗尼58111 男/其他
6614919399,罗尼58111 男/其他
6614433294,用户6614433294 女/北京
6614918498,用户6614918498 男/其他
6614918585,以前用个女头像是我错了 男/其他
6614433099,A-11256 男/其他
6614417193,bai_qiqi 女/河北
6605814889,健康是福_866 男/其他
6614915196,用户6614915196 男/其他
6614430394,徐弯弯鞋服 男/其他
6247039292,用户6247039292 男/其他
6614915732,用户6614915732 女/其他
6614915117,葛雨婷72826 女/其他
6614915117,葛雨婷72826 女/其他
6264422294,用户6264422294 男/其他
6614430297,用户6614430297 男/其他
6614429098,用户6614429098 男/其他
6614914192,用户6614914192 男/其他
6614913091,用户6614913091 女/山西
6614429228,用户6614429228 女/其他
6580736745,用户6580736745 男/安徽
6614913098,滤过的风72323 男/其他
6614912394,用户6614912394 女/安徽
6614429023,YAKRJ1108 女/浙江
6614912268,用户6614912268 男/浙江
6614858438,F-冯冠华 男/浙江
6615066469,用户6615066469 女/海外
6615054640,用户6615054640 女/福建
6615066469,用户6615066469 女/海外
6615054640,用户6615054640 女/福建
6610965685,用户6610965685 男/其他
6610965685,用户6610965685 男/其他
5518401117,战友55028 男/其他
5518401117,战友55028 男/其他
5795119922,你是草莓味呀667 男/其他
6615503830,仙糖女巫 女/北京
6615062311,用户6615062311 女/广西
6333369555,用户6333369555 女/内蒙古
6333369555,用户6333369555 女/内蒙古
6615064404,权竺吉低 女/广东
6613978495,用户6613978495 男/其他
6615507935,用户6615507935 女/其他
6615063958,宗丁_MisteR 男/广东
6615063388,mmjdjj07019 男/其他
6615063388,mmjdjj07019 男/其他
6615061910,用户6615061910 女/湖南
6542241160,SUBTRACTI0N 男/北京
5874260638,xh薛之谦永不变 女/宁夏
6542241160,SUBTRACTI0N 男/北京
5874260638,xh薛之谦永不变 女/宁夏
6408331105,用户6408331105 男/其他
6408331105,用户6408331105 男/其他
6400936259,小稀饭52 男/其他
6412012221,谁也不知道我1996 女/其他
6615503954,刘玉龙5366 男/其他
6615059358,用户6615059358 男/其他
6615059358,用户6615059358 男/其他
6615059326,未来就是现在2333 男/陕西
6591587912,特污兔30934 男/其他
6052421414,Nikita88275 男/其他
6052421414,Nikita88275 男/其他
6615059063,用户6615059063 男/其他
6615058455,游白_KeVen 女/四川
6615059063,用户6615059063 男/其他
6615058455,游白_KeVen 女/四川
6615502586,用户6615502586 女/海外
6615502586,用户6615502586 女/海外
6401511798,昨日成殇123 男/北京
6615055978,用户6615055978 男/山东
6254413500,用户6254413500 女/其他
6254413500,用户6254413500 女/其他
6506434489,妄长安50829 男/其他
6614461546,东楼贺朝是我 男/其他
6339234845,是好晴天_ 女/其他
6335735685,转角遇见你8448 女/其他
6335735685,转角遇见你8448 女/其他
6615048132,原来噢2333 女/湖北
6615032264,Samantha72218 男/其他
6615054178,谢胥文 男/广东
6615721581,灵活的小胖子22315 男/其他
6615537057,zz停云时雨 女/其他
6615278002,梅全子_365 男/北京
6613858682,葛根1234 男/黑龙江
6615277007,摆渡者006 男/广东
6615277007,摆渡者006 男/广东
6613994900,用户mmy78200938 女/其他
6568317073,用户6568317073 女/河北
6615277017,用户6615277017 男/其他
6597557797,用户6597557797 女/浙江
6613994900,用户mmy78200938 女/其他
6568317073,用户6568317073 女/河北
6615277017,用户6615277017 男/其他
6597557797,用户6597557797 女/浙江
6613994900,用户mmy78200938 女/其他
6568317073,用户6568317073 女/河北
6615277017,用户6615277017 男/其他
6597557797,用户6597557797 女/浙江
6125967268,用户6125967268 女/其他
6613994900,用户mmy78200938 女/其他
6568317073,用户6568317073 女/河北
6615277017,用户6615277017 男/其他
6597557797,用户6597557797 女/浙江
6125967268,用户6125967268 女/其他
6125967268,用户6125967268 女/其他
6370302638,甜甜半永久纹绣培训 女/其他
6615721285,匡钮盛谢 女/海外
6370302638,甜甜半永久纹绣培训 女/其他
6615721285,匡钮盛谢 女/海外
6615276968,Rampant70231 男/其他
5323871116,用户5323871116 女/河北
6615721285,匡钮盛谢 女/海外
6615276968,Rampant70231 男/其他
5323871116,用户5323871116 女/河北
6615276968,Rampant70231 男/其他
5323871116,用户5323871116 女/河北
6615277254,汤隆路缚 女/海外
6471494538,molly7846 女/其他
6615277254,汤隆路缚 女/海外
6471494538,molly7846 女/其他
6614781734,用户6614781734 女/山西
6528208838,我在河西7777 男/其他
6614781734,用户6614781734 女/山西
6528208838,我在河西7777 男/其他
6615275959,用户6615275959 女/河南
6614781734,用户6614781734 女/山西
6528208838,我在河西7777 男/其他
6615275959,用户6615275959 女/河南
6615276614,现在是你离开了我的生活 男/其他
6615276862,俏皮的龙猫_201605 男/北京
6615275778,用户6615275778 男/江苏
6615275959,用户6615275959 女/河南
6615276614,现在是你离开了我的生活 男/其他
6615276862,俏皮的龙猫_201605 男/北京
6615275778,用户6615275778 男/江苏
6615720717,犯愁虫丹zmu 男/宁夏
6615276850,爱发呆的咖啡豆-68 男/北京
6615720309,空心莉1573 女/宁夏
6615720610,用户6615720610 男/其他
6615276614,现在是你离开了我的生活 男/其他
6615276862,俏皮的龙猫_201605 男/北京
6615275778,用户6615275778 男/江苏
6615720717,犯愁虫丹zmu 男/宁夏
6615276850,爱发呆的咖啡豆-68 男/北京
6615720309,空心莉1573 女/宁夏
6615720610,用户6615720610 男/其他
5249297810,用户5249297810 女/江苏
6372640339,用户6372640339 男/山东
6615276850,爱发呆的咖啡豆-68 男/北京
6615720309,空心莉1573 女/宁夏
6615720610,用户6615720610 男/其他
5249297810,用户5249297810 女/江苏
6372640339,用户6372640339 男/山东
6615276454,用户6615276454 女/其他
6614956296,用户6614956296 女/吉林
6615276862,俏皮的龙猫_201605 男/北京
6615275778,用户6615275778 男/江苏
6615720717,犯愁虫丹zmu 男/宁夏
6615276850,爱发呆的咖啡豆-68 男/北京
6615720309,空心莉1573 女/宁夏
6615720610,用户6615720610 男/其他
5249297810,用户5249297810 女/江苏
6372640339,用户6372640339 男/山东
6615720610,用户6615720610 男/其他
5249297810,用户5249297810 女/江苏
6372640339,用户6372640339 男/山东
6615276454,用户6615276454 女/其他
6614956296,用户6614956296 女/吉林
6615276624,浅浅伤__Zengz 男/广东
6305713149,我希望是个考霸 男/其他
6615276454,用户6615276454 女/其他
6614956296,用户6614956296 女/吉林
6615276624,浅浅伤__Zengz 男/广东
6305713149,我希望是个考霸 男/其他
6603475122,用户6603475122 女/其他
6615276624,浅浅伤__Zengz 男/广东
6305713149,我希望是个考霸 男/其他
6603475122,用户6603475122 女/其他
6615276131,等我变优秀85184 女/其他
6616502825,用户6616502825 男/其他
5710614114,用户5710614114 男/浙江
6482499551,永水古月6482499551 男/浙江
6029261743,开赛艇的熊 男/广东
6531505946,aX_Xj 男/北京
6612881421,騎豬撞墻 男/其他
6614543762,了烦42095 男/其他
6615115129,书上的的熊猫眼 男/其他
6575271776,福娃福娃29 女/北京
6613177187,272NMSL 男/广西
6614037125,山禾38211 男/其他
6613364861,无形灬装13 男/其他
6610413874,用户6610413874 女/河北
5850872127,萧宇sfvfs 男/广东
2139695542,用户2139695542 男/其他
6517033314,用户6517033314 男/安徽
6616105743,用户6616105743 女/河南
6616106141,用户6616106141 男/其他
6616104840,用户6616104840 男/其他
6616547042,用户6616547042 男/其他
6616102744,用户6616102744 女/湖南
6616102842,旧旅64055 男/其他
6267409648,用户6267409648 女/其他
6616101949,半城繁华伊人泪37533 男/其他
6616101947,Ys圣域沈亦辰25105 男/其他
6616543445,没事我蹲下来好了91699 男/其他
6616101446,訾DB_valkyrie 女/广东
6616099147,小半71066 男/其他
6616540641,中街伟少 男/河南
6616540543,糜姬何铰 男/广东
5492786941,喝百事的雪碧 男/黑龙江
6616539048,用户6616539048 女/贵州
6616097148,仰尚牧准 男/广东
6616097040,_lyukala2006 女/广东
6616096149,猎凯 男/北京
6616094443,箫笛声声鹿知离 女/江苏
6616535541,周公瑾63642 男/其他
6616535541,周公瑾63642 男/其他
6616092747,用户6616092747 男/其他
6616092247,用户6616092247 男/其他
6616092043,用户6616092043 男/其他
6616090542,谁作孽的悲剧517 女/北京
6616527368,用户6616527368 男/其他
6616090446,柴卞钦 女/广东
6616532041,--我非良人丶21204 男/广西
6616531340,渡62437 男/其他
6616088945,用户6616088945 男/其他
5771613842,礼文君 男/其他
6616088646,红S_gaigai 女/广东
6616530547,用户6616530547 男/广东
6616529047,cute_洛枳2018 女/福建
6512662241,用户6512662241 男/其他
6616527849,用户6616527849 男/其他
6616085845,柠檬不酸58736 男/其他
6616086044,龙崔靳和 男/海外
6460772544,用户6460772544 女/其他
6616082842,毕加猪hh 男/其他
6616526349,用户6616526349 女/海外
6616083849,吕小布51566 男/其他
6616526249,用户6616526249 男/其他
6616525940,陈白廉颜 男/广东
6616083042,用户6616083042 女/湖北
6616082746,居居龙和糖葫芦 女/其他
6616082540,毋Ap_feidao 男/广东
6616524047,强M_Fantasy 男/山东
6616081144,HeartCoeur96423 男/其他
6616521248,何叶清666 男/其他
6616079440,用户6616079440 男/其他
6616521840,虞汪统 男/海外
6616521048,用户6616521048 男/其他
6616078345,用户6616078345 男/其他
6243139341,用户6243139341 女/其他
6616076643,蜉蝣37328 男/其他
6616076246,林深时见鹿31143 男/其他
6616074948,用户6616074948 男/其他
6616075840,用户6616075840 男/其他
6616075249,龙逮戴荡 女/广东
6616073347,Nirvana50230 男/其他
6616074944,学会83488 男/其他
5870286846,浅末_浮梦 女/浙江
6616074243,氹我42255 男/其他
6616073840,V0P0HN57502 男/其他
6616515545,用户6616515545 女/广东
6616073641,大洪·崔 男/其他
6616515649,用户6616515649 男/其他
6616073545,用户6616073545 女/海外
6616514241,南宁鸢 女/广东
6616514846,丧什么丧06244 男/其他
6616510944,大佬53622 男/其他
6616509345,裴潘瀑 女/广东
6616066645,卫任阳尘 男/广东
6340959149,用户6340959149 女/其他
6616065844,用户6616065844 男/其他
6234391741,用户6234391741 男/其他
6616064645,用户6616064645 男/其他
6616065140,用户6616065140 女/江苏
6616063846,七魅20172 男/其他
6616505002,Just74050 男/其他
6616063042,用户6616063042 女/北京
6616063749,阙侯碳 男/海外
6616504645,用户6616504645 女/广东
6616062047,用户6616062047 男/其他
6616061249,用户6616061249 男/其他
6424966545,Swallow7542 女/其他
6616061342,_Aalen 男/广东
6616061342,_Aalen 男/广东
6616502844,贪念82901 男/其他
6616503340,用户6616503340 男/其他
6616488948,猪哥哥zzt 女/福建
6616060642,用户6616060642 女/辽宁
6616058646,哑月41172 男/其他
6616058646,哑月41172 男/其他
6616501348,牧廉戚刀 女/广东
6616500546,用户6616500546 女/上海
6616499749,好好爱自己79580 男/其他
6616498614,南山上石 男/内蒙古
6616056847,石从_x 男/广东
6616497748,踩着高跷看矮子78396 男/其他
6616056144,流光溢彩201502 男/其他
6616055048,用户6616055048 男/其他
6616497141,用户6616497141 男/其他
6616053845,LUCKBABY89540 男/其他
