6581881708,Jql蒋
6618756288,ahwvhktg62832
5021605588,用户3b4cmd6g33
6503002277,用户6503002277
6495314808,用户6495314808 
5714893555,用户5714893555
6135460292,用户6135460292
6564461086,用户6564461086
6446268421,用户6446268421 
5738660054,浪漫的稳稳的幸福_100 
6018874620,用户6018874620
6317269622,晴天大壳子
6016104785,952747291轻晨暮雨
5733471463,一支小迪宝
5345681801,十年梗好meng
5188219130,c我是candy
2784928432,粉色泥巴猪
6616959743,_miasia20609
6136136424,zero云some
6446227430,林屿森和聂曦光
6374755046,果儿小号啦
6262051753,蜗牛的睫毛6
6619596364,错过最美好的你
6606124763,我叫肉肉X
6594298116,最萌关系
6112744777,郑爽专属老公
6226701842,曦木子呀 
5764587277,我就是个小屁孩子
6617403261,我就是个小屁孩子2
6616960127,龙M_MIUMIU
6477527162,良辰------
6612280231,爽家时依
6607347968,我老大是郑爽
6612279884,喜欢你无可替代
5906358550,别扭星人在我这
2142941532,在乎你2029 
2770135417,龙猫if
6602400585,夜燈無眠呀
2959498411,大壳的心头肉
6146716353,Yhthjp-2 
5248152669,名字蒸不起了
6573610714,青头菌188
6522466990,举个栗子0822
6330978868,鸡毛掸子撩板栗
5682882452,用户5682882452 
6446310379,爽的云子
6438889574,不将就不讨好1 
5878659096,用户5859782926 
6554889820,Y一只小笨鸟
6361009849,爽儿的妞 
6397874824,蜗牛的睫毛2
6088079793,蜗牛的睫毛3
