6443321750,我有一个小羽毛 女/湖北
3390813972,七耀酱 女/山东
6183115139,梧桐35657 男/其他
5592565698,Dr丶格先生 男/黑龙江
6449557171,花毛莨非主流 女/重庆
6351354791,精彩叶晓- 男/北京
6097993005,qian_199310
5900749334,flyrjj 女/其他
6614953032,王生300
6379350801,12273184罢了 男/江苏
5887267559,zhanhxu 男/新疆
6351388354,大焱帝王82909 男/其他
3862573794,z1717171717
6470895060,tranquiltranquil_56572 女/四川
6547709484,小小鱼儿和我 女/其他
6614466199,iuiu_wen 女/北京
6612396432,ikun淘 女/上海
6612396432,ikun淘 女/上海
6614308746,九没有三 男/其他
5485938222,用户5485938222 女/山西
6613452064,往后没有余生90515 男/其他
6122223015,郭志辉iTP
6154679713,平静好孩子678
6154679713,平静好孩子678
6614461054,百果鲜香 男/山东
6614945845,用户6614945845 女/黑龙江
6470890978,0603水影urge 女/四川
6524822400,用户6524822400
5621125651,用户5621125651 男/其他
5618827161,用户5618827161 男/其他
6614918491,用户6614918491 女/江苏
6614917395,龙在天涯_199007 男/河北
6614432011,用户6614432011 女/广西
2607901811,萌萌萬歲VIP 女/北京
5532754468,用户5532754468 男/江苏
6548178346,用户6548178346 男/其他
6294764187,妥妥的鱼儿
6076112264,用户6076112264 男/其他
6076112264,用户6076112264 男/其他
6547063631,jaooll 男/浙江
6385846768,后海大鲨鱼小鲨鱼一群鲨鱼 女/辽宁
6385846768,后海大鲨鱼小鲨鱼一群鲨鱼 女/辽宁
6615058010,甜蜜帆
5592259872,用户5592259872 男/其他
6571580558,夏恋悠O 女/江苏
6528817305,用户6528817305 女/辽宁
6611492241,用户6611492241 女/宁夏
5860029997,一定要努力L 男/其他
5860029997,一定要努力L 男/其他
6230427086,撩人笑看人生_5776
6448754090,用户6448754090 男/其他
6448754090,用户6448754090 男/其他
6342542860,茉莉zhmd 女/其他
6615720521,玉姣呀i 女/北京
6549145928,用户6549145928 女/四川
6549145928,用户6549145928 女/四川
6568217681,用户6568217681 女/湖北
6568217681,用户6568217681 女/湖北
6579353478,用户6579353478 女/海外
6579353478,用户6579353478 女/海外
6453516454,用户6453516454 男/上海
6585556990,官瑜life 女/其他
6557671037,Lenur 男/甘肃
6569516172,谁拿走了我的中药 男/其他
6359177368,秋雨凉爱学习 男/山东
6606065059,用户6606065059 男/其他
6612652505,黑叔叔2000 男/安徽
6451531012,用户6451531012 男/其他
6592249004,用户6592249004 女/广东
6033082950,用户6033082950 男/其他
6616545848,用户6616545848 女/广东
5650650848,用户5650650848 男/其他
6616539749,丸子欣80022 男/其他
6615937747,酸奶198609 女/福建
6616535540,用户6616535540 女/甘肃
6472705047,执手听风吟3877 女/其他
5277620645,用评棠娇壹weng 女/浙江
3756048941,用户3756048941 男/其他
5460547546,用户5460547546 女/海南
6616518243,皓势 男/广西
6319945834,用户6319945834 女/其他
6616517847,用户6616517847 女/河北
6616516141,用户6616516141 女/广东
6471921641,yao宝贝吖 女/其他
6222225243,小细菌w 女/其他
6452235654,戏剧人生300 男/其他
6585360875,用户6585360875 男/陕西
6616499648,用户6616499648 女/河南
